oem_pin,wire_color,circuit,oem_function,oem_evidence,actual_continuity,state,adapter_disposition,link_pin,note
C1-1,L-GN,5282,Camshaft Phaser Exhaust Solenoid Control,GM1837903_ARCHIVE,NOT CHECKED,PROPOSED,Matched header C1-1 → Link A21,A21,"Measure solenoid current and verify switched supply, PWM strategy and flyback."
C1-2,PU,5284,Camshaft Phaser Intake Soleniod Control,GM1837903_ARCHIVE,NOT CHECKED,PROPOSED,Matched header C1-2 → Link A20,A20,"Measure solenoid current and verify switched supply, PWM strategy and flyback."
C1-3,--,--,Not Used,GM1837903_ARCHIVE,NOT CHECKED,OEM UNUSED,No circuit in 2007 reference; inspect actual cavity,,Factory-unused does not establish an empty cavity on this modified car. Not allocated to new PI branches.
C1-4,--,--,Not Used,GM1837903_ARCHIVE,NOT CHECKED,OEM UNUSED,No circuit in 2007 reference; inspect actual cavity,,Factory-unused does not establish an empty cavity on this modified car. Not allocated to new PI branches.
C1-5,YE,7301,High Pressure Fuel Pump Actuator High Control,GM1837903_ARCHIVE,NOT CHECKED,ISOLATE,Individual insulated park; FUTURE external DI driver only,,No connection to PI outputs or +12V bus. Future driver and LNF characterisation hold; mechanical HPFP/DI disposition unresolved.
C1-6,D-GN/WH,428,EVAP Canister Purge Solenoid Control,GM1837903_ARCHIVE,NOT CHECKED,RESERVED,Matched header C1-6 → Link E8,E8,Retention unknown; verify valve load/polarity. Shared role excludes Inj16/Ign12.
C1-7,OG,5275,Camshaft Position Intake Sensor Signal,GM1837903_ARCHIVE,NOT CHECKED,PROPOSED,Matched header C1-7 → Link A9,A9,Scope cam sync pattern; trace supply/return and select edge/pull-up.
C1-8,--,--,Not Used,GM1837903_ARCHIVE,NOT CHECKED,OEM UNUSED,No circuit in 2007 reference; inspect actual cavity,,Factory-unused does not establish an empty cavity on this modified car. Not allocated to new PI branches.
C1-9,--,--,Not Used,GM1837903_ARCHIVE,NOT CHECKED,OEM UNUSED,No circuit in 2007 reference; inspect actual cavity,,Factory-unused does not establish an empty cavity on this modified car. Not allocated to new PI branches.
C1-10,OG,225,Generator Turn On Signal,GM1837903_ARCHIVE,NOT CHECKED,HOLD,Unresolved; retain labelled circuit,,Reference is 2007 GM-authored table hosted by third party; actual year/harness unresolved.
C1-11,--,--,Not Used,GM1837903_ARCHIVE,NOT CHECKED,OEM UNUSED,No circuit in 2007 reference; inspect actual cavity,,Factory-unused does not establish an empty cavity on this modified car. Not allocated to new PI branches.
C1-12,--,--,Not Used,GM1837903_ARCHIVE,NOT CHECKED,OEM UNUSED,No circuit in 2007 reference; inspect actual cavity,,Factory-unused does not establish an empty cavity on this modified car. Not allocated to new PI branches.
C1-13,BN/WH,2130,Low Reference,GM1837903_ARCHIVE,NOT CHECKED,HOLD,TRACE return; candidate A24/B22 only if sensor,,Ground roles unresolved; C1-78 coil-related circuit and C2-34 sender circuit must not be assumed sensor return. Trace each branch.
C1-14,--,--,Not Used,GM1837903_ARCHIVE,NOT CHECKED,OEM UNUSED,No circuit in 2007 reference; inspect actual cavity,,Factory-unused does not establish an empty cavity on this modified car. Not allocated to new PI branches.
C1-15,GY,705,5-Volt Reference 2,GM1837903_ARCHIVE,NOT CHECKED,HOLD,TRACE sensor branch; candidate A32 bus AFTER audit,,"Do not merge factory references blindly; prove destination, DBW independence/strategy and total <400mA including new sensors."
C1-16,D-GN,6391,Turbo Bypass Valve Control,GM1837903_ARCHIVE,NOT CHECKED,PROPOSED,Matched header C1-16 → Link A18,A18,Verify actual valve electrical type/current and control strategy; installed turbo details unknown.
C1-17,TN/BK,231,Oil Pressure Switch Signal,GM1837903_ARCHIVE,NOT CHECKED,PROPOSED,Matched header C1-17 → Link B19,B19,Verify switch voltage/polarity; this is not a quantified oil-pressure protection sensor.
C1-18,YE,258,Wastegate Solenoid Control,GM1837903_ARCHIVE,NOT CHECKED,PROPOSED,Matched header C1-18 → Link A19,A19,Owner reports stock boost hardware; exact valve/load/frequency and hose topology unknown.
C1-19,--,--,Not Used,GM1837903_ARCHIVE,NOT CHECKED,OEM UNUSED,No circuit in 2007 reference; inspect actual cavity,,Factory-unused does not establish an empty cavity on this modified car. Not allocated to new PI branches.
C1-20,--,--,Not Used,GM1837903_ARCHIVE,NOT CHECKED,OEM UNUSED,No circuit in 2007 reference; inspect actual cavity,,Factory-unused does not establish an empty cavity on this modified car. Not allocated to new PI branches.
C1-21,--,--,Not Used,GM1837903_ARCHIVE,NOT CHECKED,OEM UNUSED,No circuit in 2007 reference; inspect actual cavity,,Factory-unused does not establish an empty cavity on this modified car. Not allocated to new PI branches.
C1-22,--,--,Not Used,GM1837903_ARCHIVE,NOT CHECKED,OEM UNUSED,No circuit in 2007 reference; inspect actual cavity,,Factory-unused does not establish an empty cavity on this modified car. Not allocated to new PI branches.
C1-23,--,--,Not Used,GM1837903_ARCHIVE,NOT CHECKED,OEM UNUSED,No circuit in 2007 reference; inspect actual cavity,,Factory-unused does not establish an empty cavity on this modified car. Not allocated to new PI branches.
C1-24,YE,581,TAC Motor Control - 1,GM1837903_ARCHIVE,NOT CHECKED,HOLD,Matched header C1-24 → Link B18,B18,Pair with B26; B5 feed required. Motor polarity/load and DBW safety checks unresolved.
C1-25,--,--,Not Used,GM1837903_ARCHIVE,NOT CHECKED,OEM UNUSED,No circuit in 2007 reference; inspect actual cavity,,Factory-unused does not establish an empty cavity on this modified car. Not allocated to new PI branches.
C1-26,L-BU,4804,Direct Fuel Injector (DFI) High Voltage Control Cylinder 4,GM1837903_ARCHIVE,NOT CHECKED,ISOLATE,Individual insulated park; FUTURE external DI driver only,,No connection to PI outputs or +12V bus. Future driver and LNF characterisation hold; mechanical HPFP/DI disposition unresolved.
C1-27,L-BU/WH,4904,Direct Fuel Injector (DFI) High Voltage Supply Cylinder 4,GM1837903_ARCHIVE,NOT CHECKED,ISOLATE,Individual insulated park; FUTURE external DI driver only,,No connection to PI outputs or +12V bus. Future driver and LNF characterisation hold; mechanical HPFP/DI disposition unresolved.
C1-28,D-BU,4802,Direct Fuel Injector (DFI) High Voltage Control Cylinder 2,GM1837903_ARCHIVE,NOT CHECKED,ISOLATE,Individual insulated park; FUTURE external DI driver only,,No connection to PI outputs or +12V bus. Future driver and LNF characterisation hold; mechanical HPFP/DI disposition unresolved.
C1-29,D-BU/WH,4902,Direct Fuel Injector (DFI) High Voltage Supply Cylinder 2,GM1837903_ARCHIVE,NOT CHECKED,ISOLATE,Individual insulated park; FUTURE external DI driver only,,No connection to PI outputs or +12V bus. Future driver and LNF characterisation hold; mechanical HPFP/DI disposition unresolved.
C1-30,GY,23,Generator Field Duty Cycle Signal,GM1837903_ARCHIVE,NOT CHECKED,HOLD,Alternator feedback HOLD; no Link DI reserved,,B20 reserved for desired flex frequency; cannot share. Reallocate after actual requirements resolved.
C1-31,--,--,Not Used,GM1837903_ARCHIVE,NOT CHECKED,OEM UNUSED,No circuit in 2007 reference; inspect actual cavity,,Factory-unused does not establish an empty cavity on this modified car. Not allocated to new PI branches.
C1-32,--,--,Not Used,GM1837903_ARCHIVE,NOT CHECKED,OEM UNUSED,No circuit in 2007 reference; inspect actual cavity,,Factory-unused does not establish an empty cavity on this modified car. Not allocated to new PI branches.
C1-33,--,--,Not Used,GM1837903_ARCHIVE,NOT CHECKED,OEM UNUSED,No circuit in 2007 reference; inspect actual cavity,,Factory-unused does not establish an empty cavity on this modified car. Not allocated to new PI branches.
C1-34,D-GN,5273,Camshaft Position Exhaust Sensor Signal,GM1837903_ARCHIVE,NOT CHECKED,PROPOSED,Matched header C1-34 → Link A30,A30,"Dedicated VVT position use; scope pattern and validate supply, edge and pull-up."
C1-35,YE,573,CKP Sensor Signal,GM1837903_ARCHIVE,NOT CHECKED,PROPOSED,Matched header C1-35 → Link A8,A8,"Scope sensor pattern and identify sensor power; verify pull-up, edge and timing offset."
C1-36,YE,2918,FRP Sensor Signal,GM1837903_ARCHIVE,NOT CHECKED,RESERVED,Matched header C1-36 → Link B16,B16,Future reservation only; sensor curve/rail disposition unknown. Not a new PI fuel pressure input.
C1-37,L-GN,432,MAP Sensor Signal,GM1837903_ARCHIVE,NOT CHECKED,PROPOSED,Matched header C1-37 → Link A17,A17,Exact sensor/model/curve unknown; stock/GMPP/race replacements possible. No gauge sensor tee assumed.
C1-38,GY,598,5-Volt Reference 1,GM1837903_ARCHIVE,NOT CHECKED,HOLD,TRACE sensor branch; candidate A32 bus AFTER audit,,"Do not merge factory references blindly; prove destination, DBW independence/strategy and total <400mA including new sensors."
C1-39,GY,2701,5-Volt Reference 3,GM1837903_ARCHIVE,NOT CHECKED,HOLD,TRACE sensor branch; candidate A32 bus AFTER audit,,"Do not merge factory references blindly; prove destination, DBW independence/strategy and total <400mA including new sensors."
C1-40,--,--,Not Used,GM1837903_ARCHIVE,NOT CHECKED,OEM UNUSED,No circuit in 2007 reference; inspect actual cavity,,Factory-unused does not establish an empty cavity on this modified car. Not allocated to new PI branches.
C1-41,TN,552,Low Reference,GM1837903_ARCHIVE,NOT CHECKED,HOLD,TRACE return; candidate A24/B22 only if sensor,,Ground roles unresolved; C1-78 coil-related circuit and C2-34 sender circuit must not be assumed sensor return. Trace each branch.
C1-42,TN,808,Low Reference,GM1837903_ARCHIVE,NOT CHECKED,HOLD,TRACE return; candidate A24/B22 only if sensor,,Ground roles unresolved; C1-78 coil-related circuit and C2-34 sender circuit must not be assumed sensor return. Trace each branch.
C1-43,--,--,Not Used,GM1837903_ARCHIVE,NOT CHECKED,OEM UNUSED,No circuit in 2007 reference; inspect actual cavity,,Factory-unused does not establish an empty cavity on this modified car. Not allocated to new PI branches.
C1-44,TN,2761,Low Reference,GM1837903_ARCHIVE,NOT CHECKED,HOLD,TRACE return; candidate A24/B22 only if sensor,,Ground roles unresolved; C1-78 coil-related circuit and C2-34 sender circuit must not be assumed sensor return. Trace each branch.
C1-45,GY,605,5-Volt Reference 3,GM1837903_ARCHIVE,NOT CHECKED,HOLD,TRACE sensor branch; candidate A32 bus AFTER audit,,"Do not merge factory references blindly; prove destination, DBW independence/strategy and total <400mA including new sensors."
C1-46,TN,452,Low Reference,GM1837903_ARCHIVE,NOT CHECKED,HOLD,TRACE return; candidate A24/B22 only if sensor,,Ground roles unresolved; C1-78 coil-related circuit and C2-34 sender circuit must not be assumed sensor return. Trace each branch.
C1-47,--,--,Not Used,GM1837903_ARCHIVE,NOT CHECKED,OEM UNUSED,No circuit in 2007 reference; inspect actual cavity,,Factory-unused does not establish an empty cavity on this modified car. Not allocated to new PI branches.
C1-48,BN,582,TAC Motor Control - 2,GM1837903_ARCHIVE,NOT CHECKED,HOLD,Matched header C1-48 → Link B26,B26,Pair with B18; B5 feed required. Motor polarity/load and DBW safety checks unresolved.
C1-49,--,--,Not Used,GM1837903_ARCHIVE,NOT CHECKED,OEM UNUSED,No circuit in 2007 reference; inspect actual cavity,,Factory-unused does not establish an empty cavity on this modified car. Not allocated to new PI branches.
C1-50,--,--,Not Used,GM1837903_ARCHIVE,NOT CHECKED,OEM UNUSED,No circuit in 2007 reference; inspect actual cavity,,Factory-unused does not establish an empty cavity on this modified car. Not allocated to new PI branches.
C1-51,BN,4801,Direct Fuel Injector (DFI) High Voltage Control Cylinder 1,GM1837903_ARCHIVE,NOT CHECKED,ISOLATE,Individual insulated park; FUTURE external DI driver only,,No connection to PI outputs or +12V bus. Future driver and LNF characterisation hold; mechanical HPFP/DI disposition unresolved.
C1-52,D-GN,4803,Direct Fuel Injector (DFI) High Voltage Control Cylinder 3,GM1837903_ARCHIVE,NOT CHECKED,ISOLATE,Individual insulated park; FUTURE external DI driver only,,No connection to PI outputs or +12V bus. Future driver and LNF characterisation hold; mechanical HPFP/DI disposition unresolved.
C1-53,D-GN/WH,4903,Direct Fuel Injector (DFI) High Voltage Supply Cylinder 3,GM1837903_ARCHIVE,NOT CHECKED,ISOLATE,Individual insulated park; FUTURE external DI driver only,,No connection to PI outputs or +12V bus. Future driver and LNF characterisation hold; mechanical HPFP/DI disposition unresolved.
C1-54,BN/WH,419,MIL Control,GM1837903_ARCHIVE,NOT CHECKED,RESERVED,Matched header C1-54 → Link B10,B10,Optional warning output; confirm load and polarity. Moved from old A27 to free meth fail input.
C1-55,PU,2121,IC 1 Control,GM1837903_ARCHIVE,NOT CHECKED,PROPOSED,Matched header C1-55 → Link A13,A13,"Verify coil model, dwell/edge and logic/power returns; C1-78 low-reference topology unresolved."
C1-56,D-GN/WH,2124,IC 4 Control,GM1837903_ARCHIVE,NOT CHECKED,PROPOSED,Matched header C1-56 → Link A10,A10,"Verify coil model, dwell/edge and logic/power returns; C1-78 low-reference topology unresolved."
C1-57,--,--,Not Used,GM1837903_ARCHIVE,NOT CHECKED,OEM UNUSED,No circuit in 2007 reference; inspect actual cavity,,Factory-unused does not establish an empty cavity on this modified car. Not allocated to new PI branches.
C1-58,--,--,Not Used,GM1837903_ARCHIVE,NOT CHECKED,OEM UNUSED,No circuit in 2007 reference; inspect actual cavity,,Factory-unused does not establish an empty cavity on this modified car. Not allocated to new PI branches.
C1-59,D-BU,496,KS 1 Signal,GM1837903_ARCHIVE,NOT CHECKED,HOLD,Knock pair conversion HOLD; possible B9,,Both OEM pair leads labelled signal. Need component schematic/continuity before selecting signal and return; B17 is shield drain only.
C1-60,GY,2303,KS 2 Signal,GM1837903_ARCHIVE,NOT CHECKED,HOLD,Knock pair conversion HOLD; possible B8,,Both OEM pair leads labelled signal. Need component schematic/continuity before selecting signal and return; B17 is shield drain only.
C1-61,--,--,Not Used,GM1837903_ARCHIVE,NOT CHECKED,OEM UNUSED,No circuit in 2007 reference; inspect actual cavity,,Factory-unused does not establish an empty cavity on this modified car. Not allocated to new PI branches.
C1-62,--,--,Not Used,GM1837903_ARCHIVE,NOT CHECKED,OEM UNUSED,No circuit in 2007 reference; inspect actual cavity,,Factory-unused does not establish an empty cavity on this modified car. Not allocated to new PI branches.
C1-63,--,--,Not Used,GM1837903_ARCHIVE,NOT CHECKED,OEM UNUSED,No circuit in 2007 reference; inspect actual cavity,,Factory-unused does not establish an empty cavity on this modified car. Not allocated to new PI branches.
C1-64,TN,407,Low Reference,GM1837903_ARCHIVE,NOT CHECKED,HOLD,TRACE return; candidate A24/B22 only if sensor,,Ground roles unresolved; C1-78 coil-related circuit and C2-34 sender circuit must not be assumed sensor return. Trace each branch.
C1-65,--,--,Not Used,GM1837903_ARCHIVE,NOT CHECKED,OEM UNUSED,No circuit in 2007 reference; inspect actual cavity,,Factory-unused does not establish an empty cavity on this modified car. Not allocated to new PI branches.
C1-66,PU,7330,Pre-Throttle Air Temp and Press (TMAP) Air Pressure Signal,GM1837903_ARCHIVE,NOT CHECKED,PROPOSED,Matched header C1-66 → Link B15,B15,"Confirm fitted TMAP sensor curve, supply and physical pressure sampling location."
C1-67,TN/WH,3111,Heated Oxygen Sensor Low Signal Sensor 1,GM1837903_ARCHIVE,NOT CHECKED,HOLD,OEM O2 branch HOLD / individually park if replaced,,No verified OEM sensor compatibility; never reassign O2 measurement/heater by wire color. New LSU4.9 is only a candidate.
C1-68,WH,5279,Heated Oxygen Sensor Pump Current Sensor 1,GM1837903_ARCHIVE,NOT CHECKED,HOLD,OEM O2 branch HOLD / individually park if replaced,,No verified OEM sensor compatibility; never reassign O2 measurement/heater by wire color. New LSU4.9 is only a candidate.
C1-69,--,--,Not Used,GM1837903_ARCHIVE,NOT CHECKED,OEM UNUSED,No circuit in 2007 reference; inspect actual cavity,,Factory-unused does not establish an empty cavity on this modified car. Not allocated to new PI branches.
C1-70,--,--,Not Used,GM1837903_ARCHIVE,NOT CHECKED,OEM UNUSED,No circuit in 2007 reference; inspect actual cavity,,Factory-unused does not establish an empty cavity on this modified car. Not allocated to new PI branches.
C1-71,--,--,Not Used,GM1837903_ARCHIVE,NOT CHECKED,OEM UNUSED,No circuit in 2007 reference; inspect actual cavity,,Factory-unused does not establish an empty cavity on this modified car. Not allocated to new PI branches.
C1-72,--,--,Not Used,GM1837903_ARCHIVE,NOT CHECKED,OEM UNUSED,No circuit in 2007 reference; inspect actual cavity,,Factory-unused does not establish an empty cavity on this modified car. Not allocated to new PI branches.
C1-73,PU,7300,High Pressure Fuel Pump Actuator Low Control,GM1837903_ARCHIVE,NOT CHECKED,ISOLATE,Individual insulated park; FUTURE external DI driver only,,No connection to PI outputs or +12V bus. Future driver and LNF characterisation hold; mechanical HPFP/DI disposition unresolved.
C1-74,--,--,Not Used,GM1837903_ARCHIVE,NOT CHECKED,OEM UNUSED,No circuit in 2007 reference; inspect actual cavity,,Factory-unused does not establish an empty cavity on this modified car. Not allocated to new PI branches.
C1-75,BN/WH,4901,Direct Fuel Injector (DFI) High Voltage Supply Cylinder 1,GM1837903_ARCHIVE,NOT CHECKED,ISOLATE,Individual insulated park; FUTURE external DI driver only,,No connection to PI outputs or +12V bus. Future driver and LNF characterisation hold; mechanical HPFP/DI disposition unresolved.
C1-76,--,--,Not Used,GM1837903_ARCHIVE,NOT CHECKED,OEM UNUSED,No circuit in 2007 reference; inspect actual cavity,,Factory-unused does not establish an empty cavity on this modified car. Not allocated to new PI branches.
C1-77,--,--,Not Used,GM1837903_ARCHIVE,NOT CHECKED,OEM UNUSED,No circuit in 2007 reference; inspect actual cavity,,Factory-unused does not establish an empty cavity on this modified car. Not allocated to new PI branches.
C1-78,BN,2129,Low Reference,GM1837903_ARCHIVE,NOT CHECKED,HOLD,TRACE return; candidate A24/B22 only if sensor,,Ground roles unresolved; C1-78 coil-related circuit and C2-34 sender circuit must not be assumed sensor return. Trace each branch.
C1-79,L-BU,2123,IC 3 Control,GM1837903_ARCHIVE,NOT CHECKED,PROPOSED,Matched header C1-79 → Link A11,A11,"Verify coil model, dwell/edge and logic/power returns; C1-78 low-reference topology unresolved."
C1-80,OG/WH,2122,IC 2 Control,GM1837903_ARCHIVE,NOT CHECKED,PROPOSED,Matched header C1-80 → Link A12,A12,"Verify coil model, dwell/edge and logic/power returns; C1-78 low-reference topology unresolved."
C1-81,--,--,Not Used,GM1837903_ARCHIVE,NOT CHECKED,OEM UNUSED,No circuit in 2007 reference; inspect actual cavity,,Factory-unused does not establish an empty cavity on this modified car. Not allocated to new PI branches.
C1-82,YE,410,ECT Sensor Signal,GM1837903_ARCHIVE,NOT CHECKED,PROPOSED,Matched header C1-82 → Link A15,A15,"Confirm sensor thermistor curve, dedicated return and pull-up."
C1-83,GY,1716,KS 1 Signal,GM1837903_ARCHIVE,NOT CHECKED,HOLD,Knock pair conversion HOLD; possible B9,,Both OEM pair leads labelled signal. Need component schematic/continuity before selecting signal and return; B17 is shield drain only.
C1-84,L-BU,1876,KS 2 Signal,GM1837903_ARCHIVE,NOT CHECKED,HOLD,Knock pair conversion HOLD; possible B8,,Both OEM pair leads labelled signal. Need component schematic/continuity before selecting signal and return; B17 is shield drain only.
C1-85,--,--,Not Used,GM1837903_ARCHIVE,NOT CHECKED,OEM UNUSED,No circuit in 2007 reference; inspect actual cavity,,Factory-unused does not establish an empty cavity on this modified car. Not allocated to new PI branches.
C1-86,L-BU,7329,Pre-Throttle Air Temp and Press (TMAP) Temperature Signal,GM1837903_ARCHIVE,NOT CHECKED,PROPOSED,Matched header C1-86 → Link A16,A16,Verify temperature location and curve; representative charge temperature may need another sensor.
C1-87,--,--,Not Used,GM1837903_ARCHIVE,NOT CHECKED,OEM UNUSED,No circuit in 2007 reference; inspect actual cavity,,Factory-unused does not establish an empty cavity on this modified car. Not allocated to new PI branches.
C1-88,TN,2752,Low Reference,GM1837903_ARCHIVE,NOT CHECKED,HOLD,TRACE return; candidate A24/B22 only if sensor,,Ground roles unresolved; C1-78 coil-related circuit and C2-34 sender circuit must not be assumed sensor return. Trace each branch.
C1-89,PU,486,TP Sensor 2 Signal,GM1837903_ARCHIVE,NOT CHECKED,PROPOSED,Matched header C1-89 → Link B33,B33,Trace both throttle tracks and supplies/returns; calibrate plausibility before any motor power.
C1-90,D-GN,485,TP Sensor 1 Signal,GM1837903_ARCHIVE,NOT CHECKED,PROPOSED,Matched header C1-90 → Link A14,A14,Trace both throttle tracks and supplies/returns; calibrate plausibility before any motor power.
C1-91,L-GN,5278,Heated Oxygen Sensor Input Pump Current Sensor 1,GM1837903_ARCHIVE,NOT CHECKED,HOLD,OEM O2 branch HOLD / individually park if replaced,,No verified OEM sensor compatibility; never reassign O2 measurement/heater by wire color. New LSU4.9 is only a candidate.
C1-92,PU/WH,3110,Heated Oxygen Sensor High Signal Sensor 1,GM1837903_ARCHIVE,NOT CHECKED,HOLD,OEM O2 branch HOLD / individually park if replaced,,No verified OEM sensor compatibility; never reassign O2 measurement/heater by wire color. New LSU4.9 is only a candidate.
C1-93,--,--,Not Used,GM1837903_ARCHIVE,NOT CHECKED,OEM UNUSED,No circuit in 2007 reference; inspect actual cavity,,Factory-unused does not establish an empty cavity on this modified car. Not allocated to new PI branches.
C1-94,--,--,Not Used,GM1837903_ARCHIVE,NOT CHECKED,OEM UNUSED,No circuit in 2007 reference; inspect actual cavity,,Factory-unused does not establish an empty cavity on this modified car. Not allocated to new PI branches.
C1-95,GY,597,5-Volt Reference 1,GM1837903_ARCHIVE,NOT CHECKED,HOLD,TRACE sensor branch; candidate A32 bus AFTER audit,,"Do not merge factory references blindly; prove destination, DBW independence/strategy and total <400mA including new sensors."
C1-96,GY/WH,3113,Heated Oxygen Sensor Heater Low Control Sensor 1,GM1837903_ARCHIVE,NOT CHECKED,HOLD,OEM O2 branch HOLD / individually park if replaced,,No verified OEM sensor compatibility; never reassign O2 measurement/heater by wire color. New LSU4.9 is only a candidate.
C2-1,BK/WH,451,Ground,GM1837903_ARCHIVE,NOT CHECKED,HOLD,Retain vehicle grounding; ECU-end disposition HOLD,,Link six power-ground runs are new full-length separate wires to one engine point. Do not assume OEM terminal capacity/role.
C2-2,BK/WH,451,Ground,GM1837903_ARCHIVE,NOT CHECKED,HOLD,Retain vehicle grounding; ECU-end disposition HOLD,,Link six power-ground runs are new full-length separate wires to one engine point. Do not assume OEM terminal capacity/role.
C2-3,PK/BK,5290,Ignition 1 Voltage,GM1837903_ARCHIVE,NOT CHECKED,HOLD,Power branch HOLD; trace fuse/relay/load,,"Do not join these feeds to A5, A6 or B5 blindly; map actual relay branches and current capacity."
C2-4,BK/WH,451,Ground,GM1837903_ARCHIVE,NOT CHECKED,HOLD,Retain vehicle grounding; ECU-end disposition HOLD,,Link six power-ground runs are new full-length separate wires to one engine point. Do not assume OEM terminal capacity/role.
C2-5,PK/BK,5290,Ignition 1 Voltage,GM1837903_ARCHIVE,NOT CHECKED,HOLD,Power branch HOLD; trace fuse/relay/load,,"Do not join these feeds to A5, A6 or B5 blindly; map actual relay branches and current capacity."
C2-6,PK/BK,5290,Ignition 1 Voltage,GM1837903_ARCHIVE,NOT CHECKED,HOLD,Power branch HOLD; trace fuse/relay/load,,"Do not join these feeds to A5, A6 or B5 blindly; map actual relay branches and current capacity."
C2-7,GY/WH,3122,Heated Oxygen Sensor Heater Low Control Sensor 2,GM1837903_ARCHIVE,NOT CHECKED,HOLD,OEM O2 branch HOLD / individually park if replaced,,No verified OEM sensor compatibility; never reassign O2 measurement/heater by wire color. New LSU4.9 is only a candidate.
C2-8,--,--,Not Used,GM1837903_ARCHIVE,NOT CHECKED,OEM UNUSED,No circuit in 2007 reference; inspect actual cavity,,Factory-unused does not establish an empty cavity on this modified car. Not allocated to new PI branches.
C2-9,TN,2759,Low Reference,GM1837903_ARCHIVE,NOT CHECKED,HOLD,TRACE return; candidate A24/B22 only if sensor,,Ground roles unresolved; C1-78 coil-related circuit and C2-34 sender circuit must not be assumed sensor return. Trace each branch.
C2-10,D-GN/WH,465,Fuel Pump Relay Control,GM1837903_ARCHIVE,NOT CHECKED,PROPOSED,Matched header C2-10 → Link A29,A29,"Verify relay coil polarity/current and backfeed; ECU controls coil, never pump motor."
C2-11,TN,5514,A/C Refrigerant Pressure Sensor Low Reference (C60),GM1837903_ARCHIVE,NOT CHECKED,HOLD,OPTION circuit HOLD; preserve vehicle dependency,,Automatic/A-C applicability not confirmed. No deletion or energized connection authorized.
C2-12,YE,447,Starter Relay Coil Control,GM1837903_ARCHIVE,NOT CHECKED,HOLD,Matched header C2-12 → Link B13,B13,Start and clutch/neutral interlocks need actual circuit evidence. Do not bypass any OEM start interlock.
C2-13,YE,492,MAF Sensor Signal,GM1837903_ARCHIVE,NOT CHECKED,HOLD,MAF HOLD; no Link DI reserved,,A31 reserved for new brake input. Speed-density candidate only after sensor/strategy review; MAF not silently omitted.
C2-14,GY,2709,5-Volt Reference 1,GM1837903_ARCHIVE,NOT CHECKED,HOLD,TRACE sensor branch; candidate A32 bus AFTER audit,,"Do not merge factory references blindly; prove destination, DBW independence/strategy and total <400mA including new sensors."
C2-15,D-BU,1161,APP Sensor 1 Signal,GM1837903_ARCHIVE,NOT CHECKED,PROPOSED,Matched header C2-15 → Link A22,A22,Trace two independent pedal channels and references; select valid DBW safety/configuration strategy.
C2-16,BN/WH,379,CPP Switch Signal (MA5),GM1837903_ARCHIVE,NOT CHECKED,PROPOSED,Matched header C2-16 → Link A23,A23,"MA5 reference only; actual transmission, switch polarity and start interlocks unresolved."
C2-17,OG/BK,1786,Transmission Park/Neutral Signal (M82),GM1837903_ARCHIVE,NOT CHECKED,HOLD,OPTION circuit HOLD; preserve vehicle dependency,,Automatic/A-C applicability not confirmed. No deletion or energized connection authorized.
C2-18,L-GN,24,Backup Lamp Supply Voltage (M82),GM1837903_ARCHIVE,NOT CHECKED,HOLD,OPTION circuit HOLD; preserve vehicle dependency,,Automatic/A-C applicability not confirmed. No deletion or energized connection authorized.
C2-19,WH,1310,EVAP Canister Vent Solenoid Control,GM1837903_ARCHIVE,NOT CHECKED,RESERVED,Matched header C2-19 → Link E9,E9,Retention unknown; verify valve load/polarity. Shared role excludes Inj15/Ign11.
C2-20,BN,7448,Vacuum Assist Pump Relay Coil Control,GM1837903_ARCHIVE,NOT CHECKED,HOLD,Matched header C2-20 → Link B11,B11,Preserve brake-assist strategy; coil current/polarity and fail-safe vacuum control unresolved.
C2-21,--,--,Not Used,GM1837903_ARCHIVE,NOT CHECKED,OEM UNUSED,No circuit in 2007 reference; inspect actual cavity,,Factory-unused does not establish an empty cavity on this modified car. Not allocated to new PI branches.
C2-22,TN,2760,Low Reference,GM1837903_ARCHIVE,NOT CHECKED,HOLD,TRACE return; candidate A24/B22 only if sensor,,Ground roles unresolved; C1-78 coil-related circuit and C2-34 sender circuit must not be assumed sensor return. Trace each branch.
C2-23,TN/WH,3121,Heated Oxygen Sensor Low Signal Sensor 2,GM1837903_ARCHIVE,NOT CHECKED,HOLD,OEM O2 branch HOLD / individually park if replaced,,No verified OEM sensor compatibility; never reassign O2 measurement/heater by wire color. New LSU4.9 is only a candidate.
C2-24,--,--,Not Used,GM1837903_ARCHIVE,NOT CHECKED,OEM UNUSED,No circuit in 2007 reference; inspect actual cavity,,Factory-unused does not establish an empty cavity on this modified car. Not allocated to new PI branches.
C2-25,L-BU,1162,APP Sensor 2 Signal,GM1837903_ARCHIVE,NOT CHECKED,PROPOSED,Matched header C2-25 → Link A33,A33,Trace two independent pedal channels and references; select valid DBW safety/configuration strategy.
C2-26,--,--,Not Used,GM1837903_ARCHIVE,NOT CHECKED,OEM UNUSED,No circuit in 2007 reference; inspect actual cavity,,Factory-unused does not establish an empty cavity on this modified car. Not allocated to new PI branches.
C2-27,D-GN,890,Fuel Tank Pressure Sensor Signal,GM1837903_ARCHIVE,NOT CHECKED,HOLD,Unresolved; retain labelled circuit,,Reference is 2007 GM-authored table hosted by third party; actual year/harness unresolved.
C2-28,--,--,Not Used,GM1837903_ARCHIVE,NOT CHECKED,OEM UNUSED,No circuit in 2007 reference; inspect actual cavity,,Factory-unused does not establish an empty cavity on this modified car. Not allocated to new PI branches.
C2-29,D-BU,1809,Brake Booster Vacuum Sensor Signal,GM1837903_ARCHIVE,NOT CHECKED,HOLD,Matched header C2-29 → Link B32,B32,Preserve brake-assist strategy; sensor calibration and pump dependencies unresolved.
C2-30,--,--,Not Used,GM1837903_ARCHIVE,NOT CHECKED,OEM UNUSED,No circuit in 2007 reference; inspect actual cavity,,Factory-unused does not establish an empty cavity on this modified car. Not allocated to new PI branches.
C2-31,D-BU,6306,Clutch Start Neutral Start Signal (MA5),GM1837903_ARCHIVE,NOT CHECKED,PROPOSED,Matched header C2-31 → Link B21,B21,MA5 reference only; validate actual start/interlock wiring; no starter enable claim.
C2-32,--,--,Not Used,GM1837903_ARCHIVE,NOT CHECKED,OEM UNUSED,No circuit in 2007 reference; inspect actual cavity,,Factory-unused does not establish an empty cavity on this modified car. Not allocated to new PI branches.
C2-33,--,--,Not Used,GM1837903_ARCHIVE,NOT CHECKED,OEM UNUSED,No circuit in 2007 reference; inspect actual cavity,,Factory-unused does not establish an empty cavity on this modified car. Not allocated to new PI branches.
C2-34,BN,1271,Low Reference,GM1837903_ARCHIVE,NOT CHECKED,HOLD,TRACE return; candidate A24/B22 only if sensor,,Ground roles unresolved; C1-78 coil-related circuit and C2-34 sender circuit must not be assumed sensor return. Trace each branch.
C2-35,GY,2700,5-Volt Reference 3 (C60),GM1837903_ARCHIVE,NOT CHECKED,HOLD,TRACE sensor branch; candidate A32 bus AFTER audit,,"Do not merge factory references blindly; prove destination, DBW independence/strategy and total <400mA including new sensors."
C2-36,PU,1589,Fuel Level Sensor Signal,GM1837903_ARCHIVE,NOT CHECKED,RESERVED,Matched header C2-36 → Link E12,E12,Identify sender/gauge conditioning and reference C2-34; do not directly connect unconditioned sender.
C2-37,--,--,Not Used,GM1837903_ARCHIVE,NOT CHECKED,OEM UNUSED,No circuit in 2007 reference; inspect actual cavity,,Factory-unused does not establish an empty cavity on this modified car. Not allocated to new PI branches.
C2-38,PU,3120,Heated Oxygen Sensor High Signal Sensor 2,GM1837903_ARCHIVE,NOT CHECKED,HOLD,OEM O2 branch HOLD / individually park if replaced,,No verified OEM sensor compatibility; never reassign O2 measurement/heater by wire color. New LSU4.9 is only a candidate.
C2-39,OG/BK,380,A/C Refrigerant Pressure Sensor Signal (C60),GM1837903_ARCHIVE,NOT CHECKED,HOLD,OPTION circuit HOLD; preserve vehicle dependency,,Automatic/A-C applicability not confirmed. No deletion or energized connection authorized.
C2-40,PU,401,OSS Low Signal (MA5),GM1837903_ARCHIVE,NOT CHECKED,HOLD,Gearbox OSS pair HOLD; no Link DI reserved,,B27–B30 reserved for four wheel speeds; cannot also use old B30 gearbox assignment. Need CAN/conditioner/reallocation if OSS required.
C2-41,BN,4,Accessory Voltage,GM1837903_ARCHIVE,NOT CHECKED,HOLD,Unresolved; retain labelled circuit,,Reference is 2007 GM-authored table hosted by third party; actual year/harness unresolved.
C2-42,TN/BK,2500,High Speed GMLAN Serial Data Bus (+),GM1837903_ARCHIVE,NOT CHECKED,HOLD,Matched header C2-42 → Link E5,E5,"PHYSICAL route proposed only; leave isolated until GM messaging, ABS/BCM dependencies and termination reviewed."
C2-43,--,--,Not Used,GM1837903_ARCHIVE,NOT CHECKED,OEM UNUSED,No circuit in 2007 reference; inspect actual cavity,,Factory-unused does not establish an empty cavity on this modified car. Not allocated to new PI branches.
C2-44,D-GN/WH,459,A/C Compressor Clutch Relay Control (C60),GM1837903_ARCHIVE,NOT CHECKED,HOLD,OPTION circuit HOLD; preserve vehicle dependency,,Automatic/A-C applicability not confirmed. No deletion or energized connection authorized.
C2-45,--,--,Not Used,GM1837903_ARCHIVE,NOT CHECKED,OEM UNUSED,No circuit in 2007 reference; inspect actual cavity,,Factory-unused does not establish an empty cavity on this modified car. Not allocated to new PI branches.
C2-46,WH,2368,Cooling Fan Speed Control,GM1837903_ARCHIVE,NOT CHECKED,PROPOSED,Matched header C2-46 → Link A28,A28,"Control signal may be PWM module, not relay; verify required signal level/frequency and fail-safe."
C2-47,PU,1272,Low Reference,GM1837903_ARCHIVE,NOT CHECKED,HOLD,TRACE return; candidate A24/B22 only if sensor,,Ground roles unresolved; C1-78 coil-related circuit and C2-34 sender circuit must not be assumed sensor return. Trace each branch.
C2-48,TN,1274,5-Volt Reference 3,GM1837903_ARCHIVE,NOT CHECKED,HOLD,TRACE sensor branch; candidate A32 bus AFTER audit,,"Do not merge factory references blindly; prove destination, DBW independence/strategy and total <400mA including new sensors."
C2-49,WH/BK,1164,5-Volt Reference 2,GM1837903_ARCHIVE,NOT CHECKED,HOLD,TRACE sensor branch; candidate A32 bus AFTER audit,,"Do not merge factory references blindly; prove destination, DBW independence/strategy and total <400mA including new sensors."
C2-50,L-BU,6289,Induction Air Temperature Sensor Signal,GM1837903_ARCHIVE,NOT CHECKED,RESERVED,Matched header C2-50 → Link B7,B7,Location/curve unknown; may become representative charge temp after actual sensor audit.
C2-51,--,--,Not Used,GM1837903_ARCHIVE,NOT CHECKED,OEM UNUSED,No circuit in 2007 reference; inspect actual cavity,,Factory-unused does not establish an empty cavity on this modified car. Not allocated to new PI branches.
C2-52,L-BU,20,Stop Lamp Supply Voltage (M82),GM1837903_ARCHIVE,NOT CHECKED,HOLD,OPTION circuit HOLD; preserve vehicle dependency,,Automatic/A-C applicability not confirmed. No deletion or energized connection authorized.
C2-53,YE,400,OSS High Signal (MA5),GM1837903_ARCHIVE,NOT CHECKED,HOLD,Gearbox OSS pair HOLD; no Link DI reserved,,B27–B30 reserved for four wheel speeds; cannot also use old B30 gearbox assignment. Need CAN/conditioner/reallocation if OSS required.
C2-54,PK,1039,Ignition 1 Voltage,GM1837903_ARCHIVE,NOT CHECKED,HOLD,Matched header C2-54 → Link A6,A6,Verify key/master-off drops voltage and no backfeed; do not attach constant battery.
C2-55,TN,2501,High Speed GMLAN Serial Data BUS (-),GM1837903_ARCHIVE,NOT CHECKED,HOLD,Matched header C2-55 → Link E6,E6,PHYSICAL route proposed only; pair with E5. Internal 120Ω must be reconciled with existing network.
C2-56,RD/WH,840,Battery Positive Voltage,GM1837903_ARCHIVE,NOT CHECKED,HOLD,Matched header C2-56 → Link A5,A5,"OEM circuit 840 source/fuse/current unknown; reuse only after load and continuity audit, otherwise new fused feed."
C2-57,--,--,Not Used,GM1837903_ARCHIVE,NOT CHECKED,OEM UNUSED,No circuit in 2007 reference; inspect actual cavity,,Factory-unused does not establish an empty cavity on this modified car. Not allocated to new PI branches.
C2-58,YE,5991,Powertrain Relay Coil Control,GM1837903_ARCHIVE,NOT CHECKED,PROPOSED,Matched header C2-58 → Link A26,A26,"Trace relay/hold-power topology, ignition/master-kill and backfeed before assigning actual supply."
