link_pin,manufacturer_function,state,allocation,oem_reference,physical_route,configuration_role,capability,critical_checks,manufacturer_source,actual_continuity
A1,Inj 4,PROPOSED,NEW PI cyl 4,,Link A1 → NEW PI injector 4 control; other terminal → fused switched injector supply,Port injection,5 A injector/aux driver; Inj1–12 not flywheeled: external flyback required if Aux PWM; DI command only through external driver.,"Exact PI injector impedance/current, connector, polarity and dead time unknown; cylinders numbered 1–4, not firing-order slots. Never stock DI leads.",LINK_V2_IO + LINK_V2_QS + LINK_V2_SPEC,NOT CHECKED
A2,Inj 3,PROPOSED,NEW PI cyl 3,,Link A2 → NEW PI injector 3 control; other terminal → fused switched injector supply,Port injection,5 A injector/aux driver; Inj1–12 not flywheeled: external flyback required if Aux PWM; DI command only through external driver.,"Exact PI injector impedance/current, connector, polarity and dead time unknown; cylinders numbered 1–4, not firing-order slots. Never stock DI leads.",LINK_V2_IO + LINK_V2_QS + LINK_V2_SPEC,NOT CHECKED
A3,Inj 2,PROPOSED,NEW PI cyl 2,,Link A3 → NEW PI injector 2 control; other terminal → fused switched injector supply,Port injection,5 A injector/aux driver; Inj1–12 not flywheeled: external flyback required if Aux PWM; DI command only through external driver.,"Exact PI injector impedance/current, connector, polarity and dead time unknown; cylinders numbered 1–4, not firing-order slots. Never stock DI leads.",LINK_V2_IO + LINK_V2_QS + LINK_V2_SPEC,NOT CHECKED
A4,Inj 1,PROPOSED,NEW PI cyl 1,,Link A4 → NEW PI injector 1 control; other terminal → fused switched injector supply,Port injection,5 A injector/aux driver; Inj1–12 not flywheeled: external flyback required if Aux PWM; DI command only through external driver.,"Exact PI injector impedance/current, connector, polarity and dead time unknown; cylinders numbered 1–4, not firing-order slots. Never stock DI leads.",LINK_V2_IO + LINK_V2_QS + LINK_V2_SPEC,NOT CHECKED
A5,Main VBat,HOLD,ECU main supply,C2-56,OEM C2-56 → matched adapter header C2-56 → Link A5,Power,ECU main input; constant or switched battery; wire/fuse current TBD.,"OEM circuit 840 source/fuse/current unknown; reuse only after load and continuity audit, otherwise new fused feed.",LINK_V2_IO + LINK_V2_QS + LINK_V2_SPEC,NOT CHECKED
A6,Ign switch,HOLD,Ignition switch,C2-54,OEM C2-54 → matched adapter header C2-54 → Link A6,Power,Ignition-switched battery input; constant supply prevents shutdown.,Verify key/master-off drops voltage and no backfeed; do not attach constant battery.,LINK_V2_IO + LINK_V2_QS + LINK_V2_SPEC,NOT CHECKED
A7,Trigger shield,POWER,Trigger shield drain,,Verified new/retained sensor wiring → A7,Trigger shield,Shield drain only; trigger A7 / knock B17. Not load ground.,Shield drain only; trigger A7 / knock B17. Not load ground. OEM branches must be traced individually; no blind commoning.,LINK_V2_IO + LINK_V2_QS + LINK_V2_SPEC,NOT CHECKED
A8,Trigger 1,PROPOSED,Crank signal,C1-35,OEM C1-35 → matched adapter header C1-35 → Link A8,Trigger 1,"Trigger input ±60 V RMS; Hall/VR/optical/proximity; validate pattern, supply, edge and pull-up.","Scope sensor pattern and identify sensor power; verify pull-up, edge and timing offset.",LINK_V2_IO + LINK_V2_QS + LINK_V2_SPEC,NOT CHECKED
A9,Trigger 2,PROPOSED,Intake cam,C1-7,OEM C1-7 → matched adapter header C1-7 → Link A9,Trigger 2,"Trigger input ±60 V RMS; Hall/VR/optical/proximity; validate pattern, supply, edge and pull-up.",Scope cam sync pattern; trace supply/return and select edge/pull-up.,LINK_V2_IO + LINK_V2_QS + LINK_V2_SPEC,NOT CHECKED
A10,Ign 4,PROPOSED,Coil cyl 4,C1-56,OEM C1-56 → matched adapter header C1-56 → Link A10,Ignition,"Ignition/aux driver 5 A, flywheeled, 100Ω pull-up to 8V; logic/edge/dwell compatibility must be checked.","Verify coil model, dwell/edge and logic/power returns; C1-78 low-reference topology unresolved.",LINK_V2_IO + LINK_V2_QS + LINK_V2_SPEC,NOT CHECKED
A11,Ign 3,PROPOSED,Coil cyl 3,C1-79,OEM C1-79 → matched adapter header C1-79 → Link A11,Ignition,"Ignition/aux driver 5 A, flywheeled, 100Ω pull-up to 8V; logic/edge/dwell compatibility must be checked.","Verify coil model, dwell/edge and logic/power returns; C1-78 low-reference topology unresolved.",LINK_V2_IO + LINK_V2_QS + LINK_V2_SPEC,NOT CHECKED
A12,Ign 2,PROPOSED,Coil cyl 2,C1-80,OEM C1-80 → matched adapter header C1-80 → Link A12,Ignition,"Ignition/aux driver 5 A, flywheeled, 100Ω pull-up to 8V; logic/edge/dwell compatibility must be checked.","Verify coil model, dwell/edge and logic/power returns; C1-78 low-reference topology unresolved.",LINK_V2_IO + LINK_V2_QS + LINK_V2_SPEC,NOT CHECKED
A13,Ign 1,PROPOSED,Coil cyl 1,C1-55,OEM C1-55 → matched adapter header C1-55 → Link A13,Ignition,"Ignition/aux driver 5 A, flywheeled, 100Ω pull-up to 8V; logic/edge/dwell compatibility must be checked.","Verify coil model, dwell/edge and logic/power returns; C1-78 low-reference topology unresolved.",LINK_V2_IO + LINK_V2_QS + LINK_V2_SPEC,NOT CHECKED
A14,AN Volt 4,PROPOSED,Throttle track 1,C1-90,OEM C1-90 → matched adapter header C1-90 → Link A14,AN Volt4,0–5V measured input; no pull-up; supply/calibration to device specification.,Trace both throttle tracks and supplies/returns; calibrate plausibility before any motor power.,LINK_V2_IO + LINK_V2_QS + LINK_V2_SPEC,NOT CHECKED
A15,AN Temp 1,PROPOSED,Coolant temp,C1-82,OEM C1-82 → matched adapter header C1-82 → Link A15,AN Temp1,Thermistor input; configurable 1k/10k pull-up to 5V or none; select sensor curve.,"Confirm sensor thermistor curve, dedicated return and pull-up.",LINK_V2_IO + LINK_V2_QS + LINK_V2_SPEC,NOT CHECKED
A16,AN Temp 2,PROPOSED,Pre-throttle temp,C1-86,OEM C1-86 → matched adapter header C1-86 → Link A16,AN Temp2,Thermistor input; configurable 1k/10k pull-up to 5V or none; select sensor curve.,Verify temperature location and curve; representative charge temperature may need another sensor.,LINK_V2_IO + LINK_V2_QS + LINK_V2_SPEC,NOT CHECKED
A17,AN Volt 1,PROPOSED,Manifold pressure,C1-37,OEM C1-37 → matched adapter header C1-37 → Link A17,AN Volt1,0–5V measured input; no pull-up; supply/calibration to device specification.,Exact sensor/model/curve unknown; stock/GMPP/race replacements possible. No gauge sensor tee assumed.,LINK_V2_IO + LINK_V2_QS + LINK_V2_SPEC,NOT CHECKED
A18,ADIO 4,PROPOSED,Turbo bypass,C1-16,OEM C1-16 → matched adapter header C1-16 → Link A18,ADIO4 low-side PWM,"Low-side PWM/switched 5 A, flywheeled; no high-side; OR 0–5V analog; OR switched input ONLY (no frequency). One role per cavity.",Verify actual valve electrical type/current and control strategy; installed turbo details unknown.,LINK_V2_IO + LINK_V2_QS + LINK_V2_SPEC,NOT CHECKED
A19,ADIO 3,PROPOSED,Stock boost valve,C1-18,OEM C1-18 → matched adapter header C1-18 → Link A19,ADIO3 low-side PWM,"Low-side PWM/switched 5 A, flywheeled; no high-side; OR 0–5V analog; OR switched input ONLY (no frequency). One role per cavity.",Owner reports stock boost hardware; exact valve/load/frequency and hose topology unknown.,LINK_V2_IO + LINK_V2_QS + LINK_V2_SPEC,NOT CHECKED
A20,ADIO 2,PROPOSED,Intake VVT,C1-2,OEM C1-2 → matched adapter header C1-2 → Link A20,ADIO2 low-side PWM,"Low-side PWM/switched 5 A, flywheeled; no high-side; OR 0–5V analog; OR switched input ONLY (no frequency). One role per cavity.","Measure solenoid current and verify switched supply, PWM strategy and flyback.",LINK_V2_IO + LINK_V2_QS + LINK_V2_SPEC,NOT CHECKED
A21,ADIO 1,PROPOSED,Exhaust VVT,C1-1,OEM C1-1 → matched adapter header C1-1 → Link A21,ADIO1 low-side PWM,"Low-side PWM/switched 5 A, flywheeled; no high-side; OR 0–5V analog; OR switched input ONLY (no frequency). One role per cavity.","Measure solenoid current and verify switched supply, PWM strategy and flyback.",LINK_V2_IO + LINK_V2_QS + LINK_V2_SPEC,NOT CHECKED
A22,AN Volt 2,PROPOSED,Pedal track 1,C2-15,OEM C2-15 → matched adapter header C2-15 → Link A22,AN Volt2,0–5V measured input; no pull-up; supply/calibration to device specification.,Trace two independent pedal channels and references; select valid DBW safety/configuration strategy.,LINK_V2_IO + LINK_V2_QS + LINK_V2_SPEC,NOT CHECKED
A23,DI 3,PROPOSED,Clutch switch,C2-16,OEM C2-16 → matched adapter header C2-16 → Link A23,DI3,Switched/frequency input; ±60 V RMS; configurable 4.7k pull-up to VBat; K-Line role exclusive where listed.,"MA5 reference only; actual transmission, switch polarity and start interlocks unresolved.",LINK_V2_IO + LINK_V2_QS + LINK_V2_SPEC,NOT CHECKED
A24,Sensor ground,POWER,Sensor return bus,,Verified new/retained sensor wiring → A24,Sensor ground,"Sensor return only; do not sink coil, heater, solenoid, pump or relay load current.","Sensor return only; do not sink coil, heater, solenoid, pump or relay load current. OEM branches must be traced individually; no blind commoning.",LINK_V2_IO + LINK_V2_QS + LINK_V2_SPEC,NOT CHECKED
A25,Power ground,POWER,Engine star ground,,A25 separate full-length wire → common engine block/head point,Power ground,All six wires separately to common engine block/head point; never sensor/chassis return.,All six wires required; engine bonded to battery negative; wire size/return current analysis required. Do not substitute OEM C2-1/2/4 without analysis.,LINK_V2_IO + LINK_V2_QS + LINK_V2_SPEC,NOT CHECKED
A26,ADIO 8,PROPOSED,Powertrain relay,C2-58,OEM C2-58 → matched adapter header C2-58 → Link A26,ADIO8 low-side,"Low-side PWM/switched 5 A, flywheeled; switched high-side 2 A; OR 0–5V analog; OR switched input ONLY (no frequency). One role per cavity.","Trace relay/hold-power topology, ignition/master-kill and backfeed before assigning actual supply.",LINK_V2_IO + LINK_V2_QS + LINK_V2_SPEC,NOT CHECKED
A27,ADIO 7,RESERVED,Meth fail / status,,External meth controller verified status → A27,ADIO7 switched input,"Low-side PWM/switched 5 A, flywheeled; switched high-side 2 A; OR 0–5V analog; OR switched input ONLY (no frequency). One role per cavity.",Desired meth only; exact controller/fail-safe logic and voltage unknown. ADIO cannot read frequency; isolate until controller identified.,LINK_V2_IO + LINK_V2_QS + LINK_V2_SPEC,NOT CHECKED
A28,ADIO 6,PROPOSED,Fan controller,C2-46,OEM C2-46 → matched adapter header C2-46 → Link A28,ADIO6 low-side PWM,"Low-side PWM/switched 5 A, flywheeled; switched high-side 2 A; OR 0–5V analog; OR switched input ONLY (no frequency). One role per cavity.","Control signal may be PWM module, not relay; verify required signal level/frequency and fail-safe.",LINK_V2_IO + LINK_V2_QS + LINK_V2_SPEC,NOT CHECKED
A29,ADIO 5,PROPOSED,Fuel pump relay,C2-10,OEM C2-10 → matched adapter header C2-10 → Link A29,ADIO5 low-side,"Low-side PWM/switched 5 A, flywheeled; switched high-side 2 A; OR 0–5V analog; OR switched input ONLY (no frequency). One role per cavity.","Verify relay coil polarity/current and backfeed; ECU controls coil, never pump motor.",LINK_V2_IO + LINK_V2_QS + LINK_V2_SPEC,NOT CHECKED
A30,DI 1,PROPOSED,Exhaust cam,C1-34,OEM C1-34 → matched adapter header C1-34 → Link A30,DI1 VVT position,Switched/frequency input; ±60 V RMS; configurable 4.7k pull-up to VBat; K-Line role exclusive where listed.,"Dedicated VVT position use; scope pattern and validate supply, edge and pull-up.",LINK_V2_IO + LINK_V2_QS + LINK_V2_SPEC,NOT CHECKED
A31,DI 2,RESERVED,NEW brake input,,New verified brake switch/interface → A31,DI2 switched,Switched/frequency input; ±60 V RMS; configurable 4.7k pull-up to VBat; K-Line role exclusive where listed.,No automatic-only C2-52 assumption; voltage/polarity and brake-system independence require verification.,LINK_V2_IO + LINK_V2_QS + LINK_V2_SPEC,NOT CHECKED
A32,5V output,POWER,5V bus / TRACE,,Verified new/retained sensor wiring → A32,5V output,"Regulated +5V, 400 mA continuous TOTAL; trace branches and add current budget before joining.","Regulated +5V, 400 mA continuous TOTAL; trace branches and add current budget before joining. OEM branches must be traced individually; no blind commoning.",LINK_V2_IO + LINK_V2_QS + LINK_V2_SPEC,NOT CHECKED
A33,AN Volt 3,PROPOSED,Pedal track 2,C2-25,OEM C2-25 → matched adapter header C2-25 → Link A33,AN Volt3,0–5V measured input; no pull-up; supply/calibration to device specification.,Trace two independent pedal channels and references; select valid DBW safety/configuration strategy.,LINK_V2_IO + LINK_V2_QS + LINK_V2_SPEC,NOT CHECKED
A34,Power ground,POWER,Engine star ground,,A34 separate full-length wire → common engine block/head point,Power ground,All six wires separately to common engine block/head point; never sensor/chassis return.,All six wires required; engine bonded to battery negative; wire size/return current analysis required. Do not substitute OEM C2-1/2/4 without analysis.,LINK_V2_IO + LINK_V2_QS + LINK_V2_SPEC,NOT CHECKED
B1,Inj 8,RESERVED,Future DI cmd 4,,Link B1 → future compatible external DI driver logic input; NOT stock injector,Future DI command,5 A injector/aux driver; Inj1–12 not flywheeled: external flyback required if Aux PWM; DI command only through external driver.,"No stage-1 wire. LNF characterisation, cylinder/group assignment and signal polarity unverified; ordinary PI driver must never power DI injector.",LINK_V2_IO + LINK_V2_QS + LINK_V2_SPEC,NOT CHECKED
B2,Inj 7,RESERVED,Future DI cmd 3,,Link B2 → future compatible external DI driver logic input; NOT stock injector,Future DI command,5 A injector/aux driver; Inj1–12 not flywheeled: external flyback required if Aux PWM; DI command only through external driver.,"No stage-1 wire. LNF characterisation, cylinder/group assignment and signal polarity unverified; ordinary PI driver must never power DI injector.",LINK_V2_IO + LINK_V2_QS + LINK_V2_SPEC,NOT CHECKED
B3,Inj 6,RESERVED,Future DI cmd 2,,Link B3 → future compatible external DI driver logic input; NOT stock injector,Future DI command,5 A injector/aux driver; Inj1–12 not flywheeled: external flyback required if Aux PWM; DI command only through external driver.,"No stage-1 wire. LNF characterisation, cylinder/group assignment and signal polarity unverified; ordinary PI driver must never power DI injector.",LINK_V2_IO + LINK_V2_QS + LINK_V2_SPEC,NOT CHECKED
B4,Inj 5,RESERVED,Future DI cmd 1,,Link B4 → future compatible external DI driver logic input; NOT stock injector,Future DI command,5 A injector/aux driver; Inj1–12 not flywheeled: external flyback required if Aux PWM; DI command only through external driver.,"No stage-1 wire. LNF characterisation, cylinder/group assignment and signal polarity unverified; ordinary PI driver must never power DI injector.",LINK_V2_IO + LINK_V2_QS + LINK_V2_SPEC,NOT CHECKED
B5,H-bridge VBat,POWER,NEW HB fused feed,,New verified fused battery/relay branch → B5,Power,Independent fused battery supply for both H-bridges; installer table allows up to 12 A continuous feed.,Supplies both H-bridges; separate from 5V/CAN power. Load/fuse/gauge analysis required; do not join C2-3/5/6 blindly.,LINK_V2_IO + LINK_V2_QS + LINK_V2_SPEC,NOT CHECKED
B6,AN Temp 3,RESERVED,NEW oil temp,,New oil thermistor → B6,AN Temp3,Thermistor input; configurable 1k/10k pull-up to 5V or none; select sensor curve.,Optional sensor; exact curve/pull-up and return unknown.,LINK_V2_IO + LINK_V2_QS + LINK_V2_SPEC,NOT CHECKED
B7,AN Temp 4,RESERVED,Alt IAT if retained,C2-50,OEM C2-50 → matched adapter header C2-50 → Link B7,AN Temp4,Thermistor input; configurable 1k/10k pull-up to 5V or none; select sensor curve.,Location/curve unknown; may become representative charge temp after actual sensor audit.,LINK_V2_IO + LINK_V2_QS + LINK_V2_SPEC,NOT CHECKED
B8,Knock 2,HOLD,Knock2 pair HOLD,C1-60 / C1-84,Verified knock interface after pair identification → B8,Knock,Dedicated knock input; 50 V transient; verify two-wire sensor conversion/return and filtering.,GM table calls BOTH leads signal. Signal/return choice and differential-to-Link conversion are not verified; do not connect pair return to sensor ground by assumption.,LINK_V2_IO + LINK_V2_QS + LINK_V2_SPEC,NOT CHECKED
B9,Knock 1,HOLD,Knock1 pair HOLD,C1-59 / C1-83,Verified knock interface after pair identification → B9,Knock,Dedicated knock input; 50 V transient; verify two-wire sensor conversion/return and filtering.,GM table calls BOTH leads signal. Signal/return choice and differential-to-Link conversion are not verified; do not connect pair return to sensor ground by assumption.,LINK_V2_IO + LINK_V2_QS + LINK_V2_SPEC,NOT CHECKED
B10,Ign 8,RESERVED,MIL if retained,C1-54,OEM C1-54 → matched adapter header C1-54 → Link B10,Ign8 as Aux,"Ignition/aux driver 5 A, flywheeled, 100Ω pull-up to 8V; logic/edge/dwell compatibility must be checked.",Optional warning output; confirm load and polarity. Moved from old A27 to free meth fail input.,LINK_V2_IO + LINK_V2_QS + LINK_V2_SPEC,NOT CHECKED
B11,Ign 7,HOLD,Vacuum pump relay,C2-20,OEM C2-20 → matched adapter header C2-20 → Link B11,Ign7 as Aux,"Ignition/aux driver 5 A, flywheeled, 100Ω pull-up to 8V; logic/edge/dwell compatibility must be checked.",Preserve brake-assist strategy; coil current/polarity and fail-safe vacuum control unresolved.,LINK_V2_IO + LINK_V2_QS + LINK_V2_SPEC,NOT CHECKED
B12,Ign 6,RESERVED,Future HPFP command,,B12 → future external peak/hold pump driver command ONLY,Future DI pump control,"Ignition/aux driver 5 A, flywheeled, 100Ω pull-up to 8V; logic/edge/dwell compatibility must be checked.",No stage-1 wire; driver/software role and LNF pump waveform/current/timing unverified.,LINK_V2_IO + LINK_V2_QS + LINK_V2_SPEC,NOT CHECKED
B13,Ign 5,HOLD,Starter relay HOLD,C2-12,OEM C2-12 → matched adapter header C2-12 → Link B13,Ign5 as Aux,"Ignition/aux driver 5 A, flywheeled, 100Ω pull-up to 8V; logic/edge/dwell compatibility must be checked.",Start and clutch/neutral interlocks need actual circuit evidence. Do not bypass any OEM start interlock.,LINK_V2_IO + LINK_V2_QS + LINK_V2_SPEC,NOT CHECKED
B14,AN Volt 14,SPARE,Unallocated AN Volt 14,,No wire assigned,Not selected,0–5V measured input; no pull-up; supply/calibration to device specification.,No actual vehicle continuity verified,LINK_V2_IO + LINK_V2_QS + LINK_V2_SPEC,NOT CHECKED
B15,AN Volt 6,PROPOSED,Pre-throttle press.,C1-66,OEM C1-66 → matched adapter header C1-66 → Link B15,AN Volt6,0–5V measured input; no pull-up; supply/calibration to device specification.,"Confirm fitted TMAP sensor curve, supply and physical pressure sampling location.",LINK_V2_IO + LINK_V2_QS + LINK_V2_SPEC,NOT CHECKED
B16,AN Volt 7,RESERVED,Future DI rail P,C1-36,OEM C1-36 → matched adapter header C1-36 → Link B16,AN Volt7,0–5V measured input; no pull-up; supply/calibration to device specification.,Future reservation only; sensor curve/rail disposition unknown. Not a new PI fuel pressure input.,LINK_V2_IO + LINK_V2_QS + LINK_V2_SPEC,NOT CHECKED
B17,Knock shield,POWER,Knock shield drain,,Verified new/retained sensor wiring → B17,Knock shield,Shield drain only; trigger A7 / knock B17. Not load ground.,Shield drain only; trigger A7 / knock B17. Not load ground. OEM branches must be traced individually; no blind commoning.,LINK_V2_IO + LINK_V2_QS + LINK_V2_SPEC,NOT CHECKED
B18,Aux 1 / HB1+,HOLD,DBW motor lead 1,C1-24,OEM C1-24 → matched adapter header C1-24 → Link B18,HB1,Shared H-bridge pair or Aux; 3 A continuous / 10 A peak per technical specification; B5 powered. One role per pin.,Pair with B26; B5 feed required. Motor polarity/load and DBW safety checks unresolved.,LINK_V2_IO + LINK_V2_QS + LINK_V2_SPEC,NOT CHECKED
B19,DI 6 / K-Line 2,PROPOSED,Oil warning switch,C1-17,OEM C1-17 → matched adapter header C1-17 → Link B19,DI6,Switched/frequency input; ±60 V RMS; configurable 4.7k pull-up to VBat; K-Line role exclusive where listed.,Verify switch voltage/polarity; this is not a quantified oil-pressure protection sensor.,LINK_V2_IO + LINK_V2_QS + LINK_V2_SPEC,NOT CHECKED
B20,DI 5 / K-Line 1,RESERVED,Flex frequency HOLD,,Candidate flex-fuel sensor/interface → B20; no OEM C1-30 connection,DI5 frequency,Switched/frequency input; ±60 V RMS; configurable 4.7k pull-up to VBat; K-Line role exclusive where listed.,"Desired fuel modes; exact sensor unknown. Cannot share K-Line1 or alternator feedback. If flex omitted, may release this frequency input.",LINK_V2_IO + LINK_V2_QS + LINK_V2_SPEC,NOT CHECKED
B21,DI 4,PROPOSED,Clutch start signal,C2-31,OEM C2-31 → matched adapter header C2-31 → Link B21,DI4,Switched/frequency input; ±60 V RMS; configurable 4.7k pull-up to VBat; K-Line role exclusive where listed.,MA5 reference only; validate actual start/interlock wiring; no starter enable claim.,LINK_V2_IO + LINK_V2_QS + LINK_V2_SPEC,NOT CHECKED
B22,Sensor ground,POWER,Sensor return bus,,Verified new/retained sensor wiring → B22,Sensor ground,"Sensor return only; do not sink coil, heater, solenoid, pump or relay load current.","Sensor return only; do not sink coil, heater, solenoid, pump or relay load current. OEM branches must be traced individually; no blind commoning.",LINK_V2_IO + LINK_V2_QS + LINK_V2_SPEC,NOT CHECKED
B23,AN Volt 8,SPARE,Unallocated AN Volt 8,,No wire assigned,Not selected,0–5V measured input; no pull-up; supply/calibration to device specification.,No actual vehicle continuity verified,LINK_V2_IO + LINK_V2_QS + LINK_V2_SPEC,NOT CHECKED
B24,AN Volt 9,RESERVED,NEW PI fuel press.,,New PI pressure transducer signal → B24,AN Volt9,0–5V measured input; no pull-up; supply/calibration to device specification.,"Desired protection sensor; exact transducer/supply and curve unknown. Sensor return to A24/B22, never chassis ground.",LINK_V2_IO + LINK_V2_QS + LINK_V2_SPEC,NOT CHECKED
B25,Power ground,POWER,Engine star ground,,B25 separate full-length wire → common engine block/head point,Power ground,All six wires separately to common engine block/head point; never sensor/chassis return.,All six wires required; engine bonded to battery negative; wire size/return current analysis required. Do not substitute OEM C2-1/2/4 without analysis.,LINK_V2_IO + LINK_V2_QS + LINK_V2_SPEC,NOT CHECKED
B26,Aux 2 / HB1-,HOLD,DBW motor lead 2,C1-48,OEM C1-48 → matched adapter header C1-48 → Link B26,HB1,Shared H-bridge pair or Aux; 3 A continuous / 10 A peak per technical specification; B5 powered. One role per pin.,Pair with B18; B5 feed required. Motor polarity/load and DBW safety checks unresolved.,LINK_V2_IO + LINK_V2_QS + LINK_V2_SPEC,NOT CHECKED
B27,DI 10,RESERVED,Wheel FL / traction,,NEW wheel interface → Link B27,Frequency DI,Switched/frequency input; ±60 V RMS; configurable 4.7k pull-up to VBat; K-Line role exclusive where listed.,"Desired four wheel speeds, not installed evidence. Need independent sensors or approved buffer/CAN decoding; never parallel raw ABS sensors. Conditioning, pulses/rev and calibration unknown.",LINK_V2_IO + LINK_V2_QS + LINK_V2_SPEC,NOT CHECKED
B28,DI 9,RESERVED,Wheel FR / traction,,NEW wheel interface → Link B28,Frequency DI,Switched/frequency input; ±60 V RMS; configurable 4.7k pull-up to VBat; K-Line role exclusive where listed.,"Desired four wheel speeds, not installed evidence. Need independent sensors or approved buffer/CAN decoding; never parallel raw ABS sensors. Conditioning, pulses/rev and calibration unknown.",LINK_V2_IO + LINK_V2_QS + LINK_V2_SPEC,NOT CHECKED
B29,DI 8,RESERVED,Wheel RL / traction,,NEW wheel interface → Link B29,Frequency DI,Switched/frequency input; ±60 V RMS; configurable 4.7k pull-up to VBat; K-Line role exclusive where listed.,"Desired four wheel speeds, not installed evidence. Need independent sensors or approved buffer/CAN decoding; never parallel raw ABS sensors. Conditioning, pulses/rev and calibration unknown.",LINK_V2_IO + LINK_V2_QS + LINK_V2_SPEC,NOT CHECKED
B30,DI 7,RESERVED,Wheel RR / traction,,NEW wheel interface → Link B30,Frequency DI,Switched/frequency input; ±60 V RMS; configurable 4.7k pull-up to VBat; K-Line role exclusive where listed.,"Desired four wheel speeds, not installed evidence. Need independent sensors or approved buffer/CAN decoding; never parallel raw ABS sensors. Conditioning, pulses/rev and calibration unknown.",LINK_V2_IO + LINK_V2_QS + LINK_V2_SPEC,NOT CHECKED
B31,AN Volt 10,RESERVED,NEW oil pressure,,New oil pressure transducer signal → B31,AN Volt10,0–5V measured input; no pull-up; supply/calibration to device specification.,Desired protection sensor; exact transducer/supply and curve unknown. Retain warning switch separately if required.,LINK_V2_IO + LINK_V2_QS + LINK_V2_SPEC,NOT CHECKED
B32,AN Volt 11,HOLD,Booster vacuum,C2-29,OEM C2-29 → matched adapter header C2-29 → Link B32,AN Volt11,0–5V measured input; no pull-up; supply/calibration to device specification.,Preserve brake-assist strategy; sensor calibration and pump dependencies unresolved.,LINK_V2_IO + LINK_V2_QS + LINK_V2_SPEC,NOT CHECKED
B33,AN Volt 5,PROPOSED,Throttle track 2,C1-89,OEM C1-89 → matched adapter header C1-89 → Link B33,AN Volt5,0–5V measured input; no pull-up; supply/calibration to device specification.,Trace both throttle tracks and supplies/returns; calibrate plausibility before any motor power.,LINK_V2_IO + LINK_V2_QS + LINK_V2_SPEC,NOT CHECKED
B34,Power ground,POWER,Engine star ground,,B34 separate full-length wire → common engine block/head point,Power ground,All six wires separately to common engine block/head point; never sensor/chassis return.,All six wires required; engine bonded to battery negative; wire size/return current analysis required. Do not substitute OEM C2-1/2/4 without analysis.,LINK_V2_IO + LINK_V2_QS + LINK_V2_SPEC,NOT CHECKED
E1,Inj 12,SPARE,Unallocated Inj 12,,No wire assigned,Not selected,5 A injector/aux driver; Inj1–12 not flywheeled: external flyback required if Aux PWM; DI command only through external driver.,No actual vehicle continuity verified,LINK_V2_IO + LINK_V2_QS + LINK_V2_SPEC,NOT CHECKED
E2,Inj 11,SPARE,Unallocated Inj 11,,No wire assigned,Not selected,5 A injector/aux driver; Inj1–12 not flywheeled: external flyback required if Aux PWM; DI command only through external driver.,No actual vehicle continuity verified,LINK_V2_IO + LINK_V2_QS + LINK_V2_SPEC,NOT CHECKED
E3,Inj 10,SPARE,Unallocated Inj 10,,No wire assigned,Not selected,5 A injector/aux driver; Inj1–12 not flywheeled: external flyback required if Aux PWM; DI command only through external driver.,No actual vehicle continuity verified,LINK_V2_IO + LINK_V2_QS + LINK_V2_SPEC,NOT CHECKED
E4,Inj 9,SPARE,Unallocated Inj 9,,No wire assigned,Not selected,5 A injector/aux driver; Inj1–12 not flywheeled: external flyback required if Aux PWM; DI command only through external driver.,No actual vehicle continuity verified,LINK_V2_IO + LINK_V2_QS + LINK_V2_SPEC,NOT CHECKED
E5,CAN2 high,HOLD,GM CAN-H HOLD,C2-42,OEM C2-42 → matched adapter header C2-42 → Link E5,CAN2,CAN physical bus only; CAN2 internal 120Ω; GM protocol/gateway and termination unresolved.,"PHYSICAL route proposed only; leave isolated until GM messaging, ABS/BCM dependencies and termination reviewed.",LINK_V2_IO + LINK_V2_QS + LINK_V2_SPEC,NOT CHECKED
E6,CAN2 low,HOLD,GM CAN-L HOLD,C2-55,OEM C2-55 → matched adapter header C2-55 → Link E6,CAN2,CAN physical bus only; CAN2 internal 120Ω; GM protocol/gateway and termination unresolved.,PHYSICAL route proposed only; pair with E5. Internal 120Ω must be reconciled with existing network.,LINK_V2_IO + LINK_V2_QS + LINK_V2_SPEC,NOT CHECKED
E7,Power ground,POWER,Engine star ground,,E7 separate full-length wire → common engine block/head point,Power ground,All six wires separately to common engine block/head point; never sensor/chassis return.,All six wires required; engine bonded to battery negative; wire size/return current analysis required. Do not substitute OEM C2-1/2/4 without analysis.,LINK_V2_IO + LINK_V2_QS + LINK_V2_SPEC,NOT CHECKED
E8,Inj16 / Ign12,RESERVED,Purge if retained,C1-6,OEM C1-6 → matched adapter header C1-6 → Link E8,Multi as Aux,5 A driver; shared Inj13–16 / Ign9–12 / Aux choose ONE role; 100Ω pull-up to 8V and flywheel when Aux.,Retention unknown; verify valve load/polarity. Shared role excludes Inj16/Ign12.,LINK_V2_IO + LINK_V2_QS + LINK_V2_SPEC,NOT CHECKED
E9,Inj15 / Ign11,RESERVED,Vent if retained,C2-19,OEM C2-19 → matched adapter header C2-19 → Link E9,Multi as Aux,5 A driver; shared Inj13–16 / Ign9–12 / Aux choose ONE role; 100Ω pull-up to 8V and flywheel when Aux.,Retention unknown; verify valve load/polarity. Shared role excludes Inj15/Ign11.,LINK_V2_IO + LINK_V2_QS + LINK_V2_SPEC,NOT CHECKED
E10,Inj14 / Ign10,SPARE,Unallocated Inj14 / Ign10,,No wire assigned,Not selected,5 A driver; shared Inj13–16 / Ign9–12 / Aux choose ONE role; 100Ω pull-up to 8V and flywheel when Aux.,No actual vehicle continuity verified,LINK_V2_IO + LINK_V2_QS + LINK_V2_SPEC,NOT CHECKED
E11,Inj13 / Ign9,RESERVED,Meth enable request,,E11 → verified external controller logic input ONLY,Multi as Aux,5 A driver; shared Inj13–16 / Ign9–12 / Aux choose ONE role; 100Ω pull-up to 8V and flywheel when Aux.,Desired meth only; pump current must not pass through ECU driver; fail-safe boost/fuel strategy required.,LINK_V2_IO + LINK_V2_QS + LINK_V2_SPEC,NOT CHECKED
E12,AN Volt 12,RESERVED,Fuel level HOLD,C2-36,OEM C2-36 → matched adapter header C2-36 → Link E12,AN Volt12,0–5V measured input; no pull-up; supply/calibration to device specification.,Identify sender/gauge conditioning and reference C2-34; do not directly connect unconditioned sender.,LINK_V2_IO + LINK_V2_QS + LINK_V2_SPEC,NOT CHECKED
E13,AN Volt 13,RESERVED,Meth analog status,,Verified controller/transducer 0–5V → E13,AN Volt13,0–5V measured input; no pull-up; supply/calibration to device specification.,Desired meth; actual analog output unknown. Use for pressure/flow only if documented calibrated 0–5V signal exists.,LINK_V2_IO + LINK_V2_QS + LINK_V2_SPEC,NOT CHECKED
E14,Aux 3 / HB2+,SPARE,Spare HB2 pair,,No branch; review paired H-bridge or Aux role,Not selected,Shared H-bridge pair or Aux; 3 A continuous / 10 A peak per technical specification; B5 powered. One role per pin.,Both pins form HB2 when used as motor drive; B5 supplies both bridges. Not independent DBW and Aux simultaneously.,LINK_V2_IO + LINK_V2_QS + LINK_V2_SPEC,NOT CHECKED
E15,Aux 5 / WB1 heat,RESERVED,WB1 heater reserve,,New verified Bosch LSU4.9 branch only; stock O2 wires remain HOLD,Aux 5 / WB1 heat,"Shared wideband heater OR Aux low-side, flywheeled, 5 A; 1.5k pull-up to VBat. One role at a time.","LSU4.9 was recommendation, not confirmed installed. Pin1→E18, 2→E17, 3→E15, 4→fused switched battery, 5→E19, 6→E16 per Link. Correct connector/calibration resistor and power sequencing required.",LINK_V2_IO + LINK_V2_QS + LINK_V2_SPEC,NOT CHECKED
E16,WB1 RE,RESERVED,WB1 RE reserve,,New verified Bosch LSU4.9 branch only; stock O2 wires remain HOLD,WB1 RE,Dedicated LSU4.9 measurement circuit only; unavailable as ordinary analog/digital I/O.,"LSU4.9 was recommendation, not confirmed installed. Pin1→E18, 2→E17, 3→E15, 4→fused switched battery, 5→E19, 6→E16 per Link. Correct connector/calibration resistor and power sequencing required.",LINK_V2_IO + LINK_V2_QS + LINK_V2_SPEC,NOT CHECKED
E17,WB1 IPE,RESERVED,WB1 IPE reserve,,New verified Bosch LSU4.9 branch only; stock O2 wires remain HOLD,WB1 IPE,Dedicated LSU4.9 measurement circuit only; unavailable as ordinary analog/digital I/O.,"LSU4.9 was recommendation, not confirmed installed. Pin1→E18, 2→E17, 3→E15, 4→fused switched battery, 5→E19, 6→E16 per Link. Correct connector/calibration resistor and power sequencing required.",LINK_V2_IO + LINK_V2_QS + LINK_V2_SPEC,NOT CHECKED
E18,WB1 APE,RESERVED,WB1 APE reserve,,New verified Bosch LSU4.9 branch only; stock O2 wires remain HOLD,WB1 APE,Dedicated LSU4.9 measurement circuit only; unavailable as ordinary analog/digital I/O.,"LSU4.9 was recommendation, not confirmed installed. Pin1→E18, 2→E17, 3→E15, 4→fused switched battery, 5→E19, 6→E16 per Link. Correct connector/calibration resistor and power sequencing required.",LINK_V2_IO + LINK_V2_QS + LINK_V2_SPEC,NOT CHECKED
E19,WB1 MES,RESERVED,WB1 MES reserve,,New verified Bosch LSU4.9 branch only; stock O2 wires remain HOLD,WB1 MES,Dedicated LSU4.9 measurement circuit only; unavailable as ordinary analog/digital I/O.,"LSU4.9 was recommendation, not confirmed installed. Pin1→E18, 2→E17, 3→E15, 4→fused switched battery, 5→E19, 6→E16 per Link. Correct connector/calibration resistor and power sequencing required.",LINK_V2_IO + LINK_V2_QS + LINK_V2_SPEC,NOT CHECKED
E20,Aux 4 / HB2-,SPARE,Spare HB2 pair,,No branch; review paired H-bridge or Aux role,Not selected,Shared H-bridge pair or Aux; 3 A continuous / 10 A peak per technical specification; B5 powered. One role per pin.,Both pins form HB2 when used as motor drive; B5 supplies both bridges. Not independent DBW and Aux simultaneously.,LINK_V2_IO + LINK_V2_QS + LINK_V2_SPEC,NOT CHECKED
E21,Power ground,POWER,Engine star ground,,E21 separate full-length wire → common engine block/head point,Power ground,All six wires separately to common engine block/head point; never sensor/chassis return.,All six wires required; engine bonded to battery negative; wire size/return current analysis required. Do not substitute OEM C2-1/2/4 without analysis.,LINK_V2_IO + LINK_V2_QS + LINK_V2_SPEC,NOT CHECKED
E22,Aux 6 / WB2 heat,SPARE,Spare Aux6 / WB2,,No branch; conditional shared output,Not selected,"Shared wideband heater OR Aux low-side, flywheeled, 5 A; 1.5k pull-up to VBat. One role at a time.","Can be Aux6 only when not WB2 heater; low-side 5A, flywheeled. WB2 enable consumes this pin.",LINK_V2_IO + LINK_V2_QS + LINK_V2_SPEC,NOT CHECKED
E23,WB2 RE,DEDICATED,Unused WB2 dedicated,,No branch; unavailable as general I/O,WB2 only,Dedicated LSU4.9 measurement circuit only; unavailable as ordinary analog/digital I/O.,Only compatible LSU4.9 measurement circuits; not spare AN/DI pins.,LINK_V2_IO + LINK_V2_QS + LINK_V2_SPEC,NOT CHECKED
E24,WB2 IPE,DEDICATED,Unused WB2 dedicated,,No branch; unavailable as general I/O,WB2 only,Dedicated LSU4.9 measurement circuit only; unavailable as ordinary analog/digital I/O.,Only compatible LSU4.9 measurement circuits; not spare AN/DI pins.,LINK_V2_IO + LINK_V2_QS + LINK_V2_SPEC,NOT CHECKED
E25,WB2 APE,DEDICATED,Unused WB2 dedicated,,No branch; unavailable as general I/O,WB2 only,Dedicated LSU4.9 measurement circuit only; unavailable as ordinary analog/digital I/O.,Only compatible LSU4.9 measurement circuits; not spare AN/DI pins.,LINK_V2_IO + LINK_V2_QS + LINK_V2_SPEC,NOT CHECKED
E26,WB2 MES,DEDICATED,Unused WB2 dedicated,,No branch; unavailable as general I/O,WB2 only,Dedicated LSU4.9 measurement circuit only; unavailable as ordinary analog/digital I/O.,Only compatible LSU4.9 measurement circuits; not spare AN/DI pins.,LINK_V2_IO + LINK_V2_QS + LINK_V2_SPEC,NOT CHECKED
